{
    "-1Ahb": {
        "c": 0.14739709443099275,
        "f": 0.019067796610169493,
        "r": 0.8335351089588378
    },
    "-1AhbcAsb": {
        "c": 0.40625,
        "f": 0.109375,
        "r": 0.484375
    },
    "-1AhbcKhb": {
        "c": 0.36507936507936506,
        "f": 0.15873015873015872,
        "r": 0.47619047619047616
    },
    "-1AhbcKsb": {
        "c": 0.2641509433962264,
        "f": 0.16981132075471697,
        "r": 0.5660377358490566
    },
    "-1AhbcQhb": {
        "c": 0.23809523809523808,
        "f": 0.10714285714285714,
        "r": 0.6547619047619048
    },
    "-1AhbcQsb": {
        "c": 0.37777777777777777,
        "f": 0.2,
        "r": 0.4222222222222222
    },
    "-1AhbrcAsb": {
        "c": 0.37410071942446044,
        "f": 0.03237410071942446,
        "r": 0.5935251798561151
    },
    "-1AhbrcKhb": {
        "c": 0.304,
        "f": 0.044,
        "r": 0.652
    },
    "-1AhbrcKsb": {
        "c": 0.07395498392282958,
        "f": 0.04823151125401929,
        "r": 0.8778135048231511
    },
    "-1AhbrcQhb": {
        "c": 0.6291079812206573,
        "f": 0.06572769953051644,
        "r": 0.3051643192488263
    },
    "-1AhbrcQsb": {
        "c": 0.21428571428571427,
        "f": 0.07692307692307693,
        "r": 0.7087912087912088
    },
    "-1Asb": {
        "c": 0.14645708582834333,
        "f": 0.017090818363273454,
        "r": 0.8364520958083832
    },
    "-1AsbcAhb": {
        "c": 0.36923076923076925,
        "f": 0.1076923076923077,
        "r": 0.5230769230769231
    },
    "-1AsbcKhb": {
        "c": 0.2465753424657534,
        "f": 0.1506849315068493,
        "r": 0.6027397260273972
    },
    "-1AsbcKsb": {
        "c": 0.288135593220339,
        "f": 0.11864406779661017,
        "r": 0.5932203389830508
    },
    "-1AsbcQhb": {
        "c": 0.14285714285714285,
        "f": 0.14285714285714285,
        "r": 0.7142857142857143
    },
    "-1AsbcQsb": {
        "c": 0.2808988764044944,
        "f": 0.11235955056179775,
        "r": 0.6067415730337079
    },
    "-1AsbrcAhb": {
        "c": 0.3345724907063197,
        "f": 0.03345724907063197,
        "r": 0.6319702602230484
    },
    "-1AsbrcKhb": {
        "c": 0.2934131736526946,
        "f": 0.07784431137724551,
        "r": 0.6287425149700598
    },
    "-1AsbrcKsb": {
        "c": 0.44711538461538464,
        "f": 0.057692307692307696,
        "r": 0.4951923076923077
    },
    "-1AsbrcQhb": {
        "c": 0.1423487544483986,
        "f": 0.06405693950177936,
        "r": 0.7935943060498221
    },
    "-1AsbrcQsb": {
        "c": 0.17829457364341086,
        "f": 0.050387596899224806,
        "r": 0.7713178294573644
    },
    "-1Khb": {
        "c": 0.07797246558197747,
        "f": 0.019774718397997496,
        "r": 0.902252816020025
    },
    "-1KhbcAhb": {
        "c": 0.39473684210526316,
        "f": 0.15789473684210525,
        "r": 0.4473684210526316
    },
    "-1KhbcAsb": {
        "c": 0.2553191489361702,
        "f": 0.2127659574468085,
        "r": 0.5319148936170213
    },
    "-1KhbcKsb": {
        "c": 0.37777777777777777,
        "f": 0.13333333333333333,
        "r": 0.4888888888888889
    },
    "-1KhbcQhb": {
        "c": 0.2916666666666667,
        "f": 0.20833333333333334,
        "r": 0.5
    },
    "-1KhbcQsb": {
        "c": 0.20930232558139536,
        "f": 0.2558139534883721,
        "r": 0.5348837209302325
    },
    "-1KhbrcAhb": {
        "c": 0.17747440273037543,
        "f": 0.040955631399317405,
        "r": 0.7815699658703071
    },
    "-1KhbrcAsb": {
        "c": 0.18772563176895307,
        "f": 0.10830324909747292,
        "r": 0.703971119133574
    },
    "-1KhbrcKsb": {
        "c": 0.3392857142857143,
        "f": 0.03214285714285714,
        "r": 0.6285714285714286
    },
    "-1KhbrcQhb": {
        "c": 0.1736842105263158,
        "f": 0.12105263157894737,
        "r": 0.7052631578947368
    },
    "-1KhbrcQsb": {
        "c": 0.06575342465753424,
        "f": 0.08767123287671233,
        "r": 0.8465753424657534
    },
    "-1Ksb": {
        "c": 0.10665193912616593,
        "f": 0.021600392734413353,
        "r": 0.8717476681394207
    },
    "-1KsbcAhb": {
        "c": 0.17857142857142858,
        "f": 0.14285714285714285,
        "r": 0.6785714285714286
    },
    "-1KsbcAsb": {
        "c": 0.2857142857142857,
        "f": 0.11428571428571428,
        "r": 0.6
    },
    "-1KsbcKhb": {
        "c": 0.39285714285714285,
        "f": 0.10714285714285714,
        "r": 0.5
    },
    "-1KsbcQhb": {
        "c": 0.23255813953488372,
        "f": 0.3023255813953488,
        "r": 0.46511627906976744
    },
    "-1KsbcQsb": {
        "c": 0.2926829268292683,
        "f": 0.21951219512195122,
        "r": 0.4878048780487805
    },
    "-1KsbrcAhb": {
        "c": 0.11854103343465046,
        "f": 0.08206686930091185,
        "r": 0.7993920972644377
    },
    "-1KsbrcAsb": {
        "c": 0.25390625,
        "f": 0.046875,
        "r": 0.69921875
    },
    "-1KsbrcKhb": {
        "c": 0.3793103448275862,
        "f": 0.034482758620689655,
        "r": 0.5862068965517241
    },
    "-1KsbrcQhb": {
        "c": 0.11818181818181818,
        "f": 0.17575757575757575,
        "r": 0.706060606060606
    },
    "-1KsbrcQsb": {
        "c": 0.134185303514377,
        "f": 0.08945686900958466,
        "r": 0.7763578274760383
    },
    "-1Qhb": {
        "c": 0.06924085329519723,
        "f": 0.020021451555237754,
        "r": 0.910737695149565
    },
    "-1QhbcAhb": {
        "c": 0.1875,
        "f": 0.16666666666666666,
        "r": 0.6458333333333334
    },
    "-1QhbcAsb": {
        "c": 0.21739130434782608,
        "f": 0.2608695652173913,
        "r": 0.5217391304347826
    },
    "-1QhbcKhb": {
        "c": 0.26666666666666666,
        "f": 0.23333333333333334,
        "r": 0.5
    },
    "-1QhbcKsb": {
        "c": 0.20930232558139536,
        "f": 0.2558139534883721,
        "r": 0.5348837209302325
    },
    "-1QhbcQsb": {
        "c": 0.375,
        "f": 0.16666666666666666,
        "r": 0.4583333333333333
    },
    "-1QhbrcAhb": {
        "c": 0.11295681063122924,
        "f": 0.046511627906976744,
        "r": 0.840531561461794
    },
    "-1QhbrcAsb": {
        "c": 0.0946372239747634,
        "f": 0.13249211356466878,
        "r": 0.7728706624605678
    },
    "-1QhbrcKhb": {
        "c": 0.055401662049861494,
        "f": 0.06371191135734072,
        "r": 0.8808864265927978
    },
    "-1QhbrcKsb": {
        "c": 0.06857142857142857,
        "f": 0.09142857142857143,
        "r": 0.84
    },
    "-1QhbrcQsb": {
        "c": 0.37398373983739835,
        "f": 0.036585365853658534,
        "r": 0.5894308943089431
    },
    "-1Qsb": {
        "c": 0.1428210313447927,
        "f": 0.023634984833164813,
        "r": 0.8335439838220424
    },
    "-1QsbcAhb": {
        "c": 0.2833333333333333,
        "f": 0.36666666666666664,
        "r": 0.35
    },
    "-1QsbcAsb": {
        "c": 0.3333333333333333,
        "f": 0.14285714285714285,
        "r": 0.5238095238095238
    },
    "-1QsbcKhb": {
        "c": 0.18840579710144928,
        "f": 0.2318840579710145,
        "r": 0.5797101449275363
    },
    "-1QsbcKsb": {
        "c": 0.19402985074626866,
        "f": 0.19402985074626866,
        "r": 0.6119402985074627
    },
    "-1QsbcQhb": {
        "c": 0.4050632911392405,
        "f": 0.10126582278481013,
        "r": 0.4936708860759494
    },
    "-1QsbrcAhb": {
        "c": 0.16891891891891891,
        "f": 0.22297297297297297,
        "r": 0.6081081081081081
    },
    "-1QsbrcAsb": {
        "c": 0.17669172932330826,
        "f": 0.06015037593984962,
        "r": 0.7631578947368421
    },
    "-1QsbrcKhb": {
        "c": 0.14,
        "f": 0.18,
        "r": 0.68
    },
    "-1QsbrcKsb": {
        "c": 0.2913907284768212,
        "f": 0.1456953642384106,
        "r": 0.5629139072847682
    },
    "-1QsbrcQhb": {
        "c": 0.354978354978355,
        "f": 0.03896103896103896,