{
    "-1Ahb": {
        "c": 0.07073215042693635,
        "f": 0.009265427239144915,
        "r": 0.9200024223339187
    },
    "-1AhbcAsb": {
        "c": 0.352112676056338,
        "f": 0.09859154929577464,
        "r": 0.5492957746478874
    },
    "-1AhbcKhb": {
        "c": 0.45714285714285713,
        "f": 0.12857142857142856,
        "r": 0.4142857142857143
    },
    "-1AhbcKsb": {
        "c": 0.3246753246753247,
        "f": 0.15584415584415584,
        "r": 0.5194805194805194
    },
    "-1AhbcQhb": {
        "c": 0.3898305084745763,
        "f": 0.13559322033898305,
        "r": 0.4745762711864407
    },
    "-1AhbcQsb": {
        "c": 0.42857142857142855,
        "f": 0.22077922077922077,
        "r": 0.35064935064935066
    },
    "-1AhbrcAsb": {
        "c": 0.2556818181818182,
        "f": 0.020833333333333332,
        "r": 0.7234848484848485
    },
    "-1AhbrcKhb": {
        "c": 0.20739549839228297,
        "f": 0.02572347266881029,
        "r": 0.7668810289389068
    },
    "-1AhbrcKsb": {
        "c": 0.11734693877551021,
        "f": 0.04591836734693878,
        "r": 0.8367346938775511
    },
    "-1AhbrcQhb": {
        "c": 0.29944547134935307,
        "f": 0.031423290203327174,
        "r": 0.6691312384473198
    },
    "-1AhbrcQsb": {
        "c": 0.21621621621621623,
        "f": 0.05405405405405406,
        "r": 0.7297297297297297
    },
    "-1Asb": {
        "c": 0.0958456607495069,
        "f": 0.009245562130177515,
        "r": 0.8949087771203156
    },
    "-1AsbcAhb": {
        "c": 0.3582089552238806,
        "f": 0.1044776119402985,
        "r": 0.5373134328358209
    },
    "-1AsbcKhb": {
        "c": 0.2066115702479339,
        "f": 0.15702479338842976,
        "r": 0.6363636363636364
    },
    "-1AsbcKsb": {
        "c": 0.2773109243697479,
        "f": 0.10084033613445378,
        "r": 0.6218487394957983
    },
    "-1AsbcQhb": {
        "c": 0.2897196261682243,
        "f": 0.14018691588785046,
        "r": 0.5700934579439252
    },
    "-1AsbcQsb": {
        "c": 0.2564102564102564,
        "f": 0.08547008547008547,
        "r": 0.6581196581196581
    },
    "-1AsbrcAhb": {
        "c": 0.3143939393939394,
        "f": 0.020833333333333332,
        "r": 0.6647727272727273
    },
    "-1AsbrcKhb": {
        "c": 0.1282051282051282,
        "f": 0.030448717948717948,
        "r": 0.8413461538461539
    },
    "-1AsbrcKsb": {
        "c": 0.11556240369799692,
        "f": 0.023112480739599383,
        "r": 0.8613251155624037
    },
    "-1AsbrcQhb": {
        "c": 0.21490467937608318,
        "f": 0.0415944540727903,
        "r": 0.7435008665511266
    },
    "-1AsbrcQsb": {
        "c": 0.16826923076923078,
        "f": 0.02564102564102564,
        "r": 0.8060897435897436
    },
    "-1Khb": {
        "c": 0.053693320331545585,
        "f": 0.011701608971233545,
        "r": 0.9346050706972209
    },
    "-1KhbcAhb": {
        "c": 0.2948717948717949,
        "f": 0.11538461538461539,
        "r": 0.5897435897435898
    },
    "-1KhbcAsb": {
        "c": 0.3333333333333333,
        "f": 0.2857142857142857,
        "r": 0.38095238095238093
    },
    "-1KhbcKsb": {
        "c": 0.36,
        "f": 0.12,
        "r": 0.52
    },
    "-1KhbcQhb": {
        "c": 0.27906976744186046,
        "f": 0.2558139534883721,
        "r": 0.46511627906976744
    },
    "-1KhbcQsb": {
        "c": 0.22641509433962265,
        "f": 0.2830188679245283,
        "r": 0.49056603773584906
    },
    "-1KhbrcAhb": {
        "c": 0.25,
        "f": 0.027597402597402596,
        "r": 0.7224025974025974
    },
    "-1KhbrcAsb": {
        "c": 0.0755287009063444,
        "f": 0.055891238670694864,
        "r": 0.8685800604229608
    },
    "-1KhbrcKsb": {
        "c": 0.27162629757785467,
        "f": 0.01903114186851211,
        "r": 0.7093425605536332
    },
    "-1KhbrcQhb": {
        "c": 0.10862619808306709,
        "f": 0.05750798722044728,
        "r": 0.8338658146964856
    },
    "-1KhbrcQsb": {
        "c": 0.07830342577487764,
        "f": 0.12234910277324633,
        "r": 0.799347471451876
    },
    "-1Ksb": {
        "c": 0.03924436319317489,
        "f": 0.012004875076173066,
        "r": 0.9487507617306521
    },
    "-1KsbcAhb": {
        "c": 0.1956521739130435,
        "f": 0.17391304347826086,
        "r": 0.6304347826086957
    },
    "-1KsbcAsb": {
        "c": 0.45,
        "f": 0.175,
        "r": 0.375
    },
    "-1KsbcKhb": {
        "c": 0.37209302325581395,
        "f": 0.13953488372093023,
        "r": 0.4883720930232558
    },
    "-1KsbcQhb": {
        "c": 0.2903225806451613,
        "f": 0.3709677419354839,
        "r": 0.3387096774193548
    },
    "-1KsbcQsb": {
        "c": 0.23255813953488372,
        "f": 0.27906976744186046,
        "r": 0.4883720930232558
    },
    "-1KsbrcAhb": {
        "c": 0.1273209549071618,
        "f": 0.07692307692307693,
        "r": 0.7957559681697612
    },
    "-1KsbrcAsb": {
        "c": 0.16691068814055637,
        "f": 0.024890190336749635,
        "r": 0.808199121522694
    },
    "-1KsbrcKhb": {
        "c": 0.272264631043257,
        "f": 0.02544529262086514,
        "r": 0.7022900763358778
    },
    "-1KsbrcQhb": {
        "c": 0.078125,
        "f": 0.11160714285714286,
        "r": 0.8102678571428571
    },
    "-1KsbrcQsb": {
        "c": 0.09523809523809523,
        "f": 0.0706605222734255,
        "r": 0.8341013824884793
    },
    "-1Qhb": {
        "c": 0.038578187553075335,
        "f": 0.012677423268227588,
        "r": 0.9487443891786971
    },
    "-1QhbcAhb": {
        "c": 0.1951219512195122,
        "f": 0.17073170731707318,
        "r": 0.6341463414634146
    },
    "-1QhbcAsb": {
        "c": 0.22916666666666666,
        "f": 0.2916666666666667,
        "r": 0.4791666666666667
    },
    "-1QhbcKhb": {
        "c": 0.2692307692307692,
        "f": 0.23076923076923078,
        "r": 0.5
    },
    "-1QhbcKsb": {
        "c": 0.2702702702702703,
        "f": 0.2972972972972973,
        "r": 0.43243243243243246
    },
    "-1QhbcQsb": {
        "c": 0.3611111111111111,
        "f": 0.1388888888888889,
        "r": 0.5
    },
    "-1QhbrcAhb": {
        "c": 0.18432510885341075,
        "f": 0.03773584905660377,
        "r": 0.7779390420899854
    },
    "-1QhbrcAsb": {
        "c": 0.0804093567251462,
        "f": 0.1286549707602339,
        "r": 0.7909356725146199
    },
    "-1QhbrcKhb": {
        "c": 0.1024390243902439,
        "f": 0.06016260162601626,
        "r": 0.8373983739837398
    },
    "-1QhbrcKsb": {
        "c": 0.08173076923076923,
        "f": 0.11298076923076923,
        "r": 0.8052884615384616
    },
    "-1QhbrcQsb": {
        "c": 0.2488479262672811,
        "f": 0.016897081413210446,
        "r": 0.7342549923195084
    },
    "-1Qsb": {
        "c": 0.04461167971101746,
        "f": 0.013064419024683926,
        "r": 0.9423239012642987
    },
    "-1QsbcAhb": {
        "c": 0.23333333333333334,
        "f": 0.3,
        "r": 0.4666666666666667
    },
    "-1QsbcAsb": {
        "c": 0.2647058823529412,
        "f": 0.20588235294117646,
        "r": 0.5294117647058824
    },
    "-1QsbcKhb": {
        "c": 0.3023255813953488,
        "f": 0.37209302325581395,
        "r": 0.32558139534883723
    },
    "-1QsbcKsb": {
        "c": 0.18,
        "f": 0.2,
        "r": 0.62
    },
    "-1QsbcQhb": {
        "c": 0.36,
        "f": 0.12,
        "r": 0.52
    },
    "-1QsbrcAhb": {
        "c": 0.1098546042003231,
        "f": 0.18578352180936994,
        "r": 0.7043618739903069
    },
    "-1QsbrcAsb": {
        "c": 0.14600550964187328,
        "f": 0.05509641873278237,
        "r": 0.7988980716253443
    },
    "-1QsbrcKhb": {
        "c": 0.07223796033994334,
        "f": 0.11331444759206799,
        "r": 0.8144475920679887
    },
    "-1QsbrcKsb": {
        "c": 0.06082036775106082,
        "f": 0.04667609618104668,
        "r": 0.8925035360678925
    },
    "-1QsbrcQhb": {
        "c": 0.29982964224872233,